{
  "task1_results": {
    "Random": {
      "5": {
        "precision": {
          "mean": 0.0014173128257277234,
          "ci": 0.00013312895557308373
        },
        "recall": {
          "mean": 0.0004222451207173121,
          "ci": 7.622645976561082e-05
        },
        "hit_rate": {
          "mean": 0.006975340027964917,
          "ci": 0.0006502390291302911
        },
        "ndcg": {
          "mean": 0.0014672881343993384,
          "ci": 0.00014727230888023456
        }
      },
      "10": {
        "precision": {
          "mean": 0.0014586246345493837,
          "ci": 9.880782494473477e-05
        },
        "recall": {
          "mean": 0.0009240025121376984,
          "ci": 0.0001188125345809187
        },
        "hit_rate": {
          "mean": 0.013998347527647134,
          "ci": 0.0009178834349142151
        },
        "ndcg": {
          "mean": 0.0015846210074741943,
          "ci": 0.00011931187806224456
        }
      },
      "20": {
        "precision": {
          "mean": 0.0014911974068895387,
          "ci": 7.258763848073511e-05
        },
        "recall": {
          "mean": 0.00177549695619091,
          "ci": 0.00015358984913935509
        },
        "hit_rate": {
          "mean": 0.027917249269098766,
          "ci": 0.0012870584070176108
        },
        "ndcg": {
          "mean": 0.0018468076699811535,
          "ci": 0.00010652686551546841
        }
      }
    },
    "Popularity": {
      "5": {
        "precision": {
          "mean": 0.22284860810982587,
          "ci": 0.0017111393812850758
        },
        "recall": {
          "mean": 0.13020841008929557,
          "ci": 0.0015455676119431915
        },
        "hit_rate": {
          "mean": 0.6503114274818863,
          "ci": 0.0037257330823512336
        },
        "ndcg": {
          "mean": 0.27466727503454963,
          "ci": 0.002067033884406934
        }
      },
      "10": {
        "precision": {
          "mean": 0.1609937078937333,
          "ci": 0.001171620802377489
        },
        "recall": {
          "mean": 0.1737555976889606,
          "ci": 0.00168807349960619
        },
        "hit_rate": {
          "mean": 0.7420077539087326,
          "ci": 0.0034183605967752265
        },
        "ndcg": {
          "mean": 0.24544775902487467,
          "ci": 0.0017025278795743297
        }
      },
      "20": {
        "precision": {
          "mean": 0.11816130672429134,
          "ci": 0.0008374008494773734
        },
        "recall": {
          "mean": 0.23954129257022,
          "ci": 0.0018738735381546023
        },
        "hit_rate": {
          "mean": 0.8231854582432948,
          "ci": 0.0029806992619406444
        },
        "ndcg": {
          "mean": 0.24434439712284203,
          "ci": 0.001538322887690418
        }
      }
    },
    "Combined (\u03b1=0.9)": {
      "5": {
        "precision": {
          "mean": 0.24263060887250545,
          "ci": 0.001777298769410671
        },
        "recall": {
          "mean": 0.1422139423817587,
          "ci": 0.00160188890723691
        },
        "hit_rate": {
          "mean": 0.6820579636456082,
          "ci": 0.003638270147072279
        },
        "ndcg": {
          "mean": 0.30338551048222767,
          "ci": 0.002162494469053265
        }
      },
      "10": {
        "precision": {
          "mean": 0.18663086309902122,
          "ci": 0.0012482919010224935
        },
        "recall": {
          "mean": 0.20864749523968593,
          "ci": 0.001845523739802747
        },
        "hit_rate": {
          "mean": 0.7946485318418711,
          "ci": 0.0031560710673068826
        },
        "ndcg": {
          "mean": 0.2835974089553041,
          "ci": 0.0017984372696853422
        }
      },
      "20": {
        "precision": {
          "mean": 0.13558217872124062,
          "ci": 0.000881324018583706
        },
        "recall": {
          "mean": 0.287352404033952,
          "ci": 0.0020387683743272465
        },
        "hit_rate": {
          "mean": 0.8679611033430786,
          "ci": 0.002644913054079869
        },
        "ndcg": {
          "mean": 0.2844360930995942,
          "ci": 0.0016318791339744807
        }
      }
    }
  },
  "task2_results": {
    "5": {
      "precision": {
        "mean": 0.12436950826100131,
        "ci": 0.0015988138349480583
      },
      "hit_rate": {
        "mean": 0.39216140588518367,
        "ci": 0.004039981418929122
      },
      "bundle_precision": {
        "mean": 0.7795177072379561,
        "ci": 0.0024852509533643996
      }
    },
    "10": {
      "precision": {
        "mean": 0.08528704083269469,
        "ci": 0.001100518598957847
      },
      "hit_rate": {
        "mean": 0.44085408237831286,
        "ci": 0.004108306332886214
      },
      "bundle_precision": {
        "mean": 0.6070329905359403,
        "ci": 0.0029033530504680096
      }
    },
    "20": {
      "precision": {
        "mean": 0.053180530058637966,
        "ci": 0.0007140454686318367
      },
      "hit_rate": {
        "mean": 0.46184968007556987,
        "ci": 0.004125294248948767
      },
      "bundle_precision": {
        "mean": 0.4093597946780259,
        "ci": 0.0026868623346841085
      }
    }
  },
  "task3_results": {
    "similarity": 0.4927574880589281,
    "diversity": 0.6828843866319471,
    "user_overlap": 0.4439019951328555,
    "coverage": 0.4192495921696574
  },
  "best_alpha": 0.9
}