{
  "task1_next_game_prediction": {
    "5": {
      "precision": {
        "mean": 0.24242404982839713,
        "ci": 0.001776825497767702
      },
      "recall": {
        "mean": 0.14207793323460308,
        "ci": 0.0016011679128135285
      },
      "hit_rate": {
        "mean": 0.681708402186348,
        "ci": 0.0036393366895221485
      },
      "ndcg": {
        "mean": 0.3031689889141598,
        "ci": 0.0021623586100382093
      }
    },
    "10": {
      "precision": {
        "mean": 0.18644337104359987,
        "ci": 0.0012473678465209168
      },
      "recall": {
        "mean": 0.20845981272482186,
        "ci": 0.001844904832556629
      },
      "hit_rate": {
        "mean": 0.7944896402694801,
        "ci": 0.003156976173709262
      },
      "ndcg": {
        "mean": 0.2833652373167505,
        "ci": 0.0017980297553555978
      }
    },
    "20": {
      "precision": {
        "mean": 0.1354765158256006,
        "ci": 0.0008808066588475006
      },
      "recall": {
        "mean": 0.2871887668689831,
        "ci": 0.002038786143712784
      },
      "hit_rate": {
        "mean": 0.8677863226134486,
        "ci": 0.0026463965275294035
      },
      "ndcg": {
        "mean": 0.284234143104487,
        "ci": 0.0016316365484894046
      }
    }
  },
  "task2_bundle_completion": {
    "5": {
      "precision": {
        "mean": 0.12137166485465274,
        "ci": 0.0015776425511583605
      },
      "hit_rate": {
        "mean": 0.386725364036573,
        "ci": 0.004029782778305744
      },
      "bundle_precision": {
        "mean": 0.7795177072379561,
        "ci": 0.0024852509533643996
      }
    },
    "10": {
      "precision": {
        "mean": 0.08426577788867701,
        "ci": 0.0010940710910927523
      },
      "hit_rate": {
        "mean": 0.4387331349029533,
        "ci": 0.004106177567321083
      },
      "bundle_precision": {
        "mean": 0.6070329905359403,
        "ci": 0.0029033530504680096
      }
    },
    "20": {
      "precision": {
        "mean": 0.05305309497923611,
        "ci": 0.0007130124965886525
      },
      "hit_rate": {
        "mean": 0.4618140338995134,
        "ci": 0.004125271666769604
      },
      "bundle_precision": {
        "mean": 0.4093597946780259,
        "ci": 0.0026868623346841085
      }
    }
  },
  "best_parameters": {
    "alpha": 0.7,
    "similarity_matrix": "combined",
    "device": "mps"
  },
  "dataset_info": {
    "n_users": 70912,
    "n_items": 10978,
    "n_bundles": 613,
    "train_interactions": 4103384,
    "test_interactions": 990698,
    "sparsity": 0.994728924948683
  }
}