Metric,Score,Confidence Interval
Precision@10,0.18644337104359987,0.0012473678465209168
Recall@10,0.20845981272482186,0.001844904832556629
Hit Rate@10,0.7944896402694801,0.003156976173709262
NDCG@10,0.2833652373167505,0.0017980297553555978
