{
  "bundle_based": {
    "5": {
      "precision": 0.23116817084021865,
      "recall": 0.1336174774681043,
      "hit_rate": 0.6595430278378035
    },
    "10": {
      "precision": 0.1692814923096479,
      "recall": 0.1829615633611346,
      "hit_rate": 0.7532572772340155
    },
    "20": {
      "precision": 0.12430008262361765,
      "recall": 0.2502228623960056,
      "hit_rate": 0.8314637091648659
    }
  },
  "copurchase": {
    "5": {
      "precision": 0.24253209609762294,
      "recall": 0.1421530072163233,
      "hit_rate": 0.6819626287021736
    },
    "10": {
      "precision": 0.18655777297572138,
      "recall": 0.20858844649662178,
      "hit_rate": 0.794632642684632
    },
    "20": {
      "precision": 0.13555198932248638,
      "recall": 0.2873003746665037,
      "hit_rate": 0.8679293250286004
    }
  },
  "combined": {
    "5": {
      "precision": 0.24242404982839713,
      "recall": 0.14207793323460308,
      "hit_rate": 0.681708402186348
    },
    "10": {
      "precision": 0.18644337104359987,
      "recall": 0.20845981272482186,
      "hit_rate": 0.7944896402694801
    },
    "20": {
      "precision": 0.1354765158256006,
      "recall": 0.2871887668689831,
      "hit_rate": 0.8677863226134486
    }
  }
}